{"cameraMode":{"drawMode":0,"name":"Shaded","section":"Shading Mode"},"sceneLighting":true,"audioPlay":false,"sceneViewState":{"showFog":true,"showMaterialUpdate":false,"showSkybox":true,"showFlares":true,"showImageEffects":true,"showParticleSystems":true},"in2DMode":false,"pivot":{"x":-15.614166259765625,"y":30.005645751953126,"z":74.45755004882813},"rotation":{"x":-0.13636016845703126,"y":-0.01872568018734455,"z":0.002576233819127083,"w":-0.9904880523681641},"size":493.4572448730469,"orthographic":false}