{"cameraMode":{"drawMode":0,"name":"Shaded","section":"Shading Mode"},"sceneLighting":false,"audioPlay":false,"sceneViewState":{"showFog":true,"showMaterialUpdate":false,"showSkybox":true,"showFlares":true,"showImageEffects":true,"showParticleSystems":true},"in2DMode":false,"pivot":{"x":-0.7914385795593262,"y":2.472397804260254,"z":-4.741757869720459},"rotation":{"x":-0.2861146330833435,"y":-0.6044421195983887,"z":0.24656517803668977,"w":-0.7014226913452148},"size":19.181793212890626,"orthographic":false}