{"cameraMode":{"drawMode":0,"name":"Shaded","section":"Shading Mode"},"sceneLighting":false,"audioPlay":false,"sceneViewState":{"showFog":true,"showMaterialUpdate":false,"showSkybox":true,"showFlares":true,"showImageEffects":true,"showParticleSystems":true},"in2DMode":false,"pivot":{"x":-1.8116971254348755,"y":5.2297515869140629,"z":-9.694581031799317},"rotation":{"x":-0.14030247926712037,"y":-0.08629092574119568,"z":0.012281565926969052,"w":-0.9862648248672485},"size":22.0,"orthographic":false}