{"cameraMode":{"drawMode":0,"name":"Shaded","section":"Shading Mode"},"sceneLighting":false,"audioPlay":false,"sceneViewState":{"showFog":true,"showMaterialUpdate":false,"showSkybox":true,"showFlares":true,"showImageEffects":true,"showParticleSystems":true},"in2DMode":false,"pivot":{"x":0.042726267129182819,"y":-0.15445002913475038,"z":0.1124453991651535},"rotation":{"x":-0.4070116877555847,"y":-0.30515041947364809,"z":0.14640021324157716,"w":-0.8484054207801819},"size":0.9767705798149109,"orthographic":false}