{"cameraMode":{"drawMode":0,"name":"Shaded","section":"Shading Mode"},"sceneLighting":false,"audioPlay":false,"sceneViewState":{"showFog":true,"showMaterialUpdate":false,"showSkybox":true,"showFlares":true,"showImageEffects":true,"showParticleSystems":true},"in2DMode":false,"pivot":{"x":0.10678952932357788,"y":-0.15500003099441529,"z":0.1124453917145729},"rotation":{"x":-0.5455025434494019,"y":-0.07043416798114777,"z":0.04608592018485069,"w":-0.8338718414306641},"size":0.9638358354568481,"orthographic":false}