{"cameraMode":{"drawMode":0,"name":"Shaded","section":"Shading Mode"},"sceneLighting":false,"audioPlay":false,"sceneViewState":{"showFog":true,"showMaterialUpdate":false,"showSkybox":true,"showFlares":true,"showImageEffects":true,"showParticleSystems":true},"in2DMode":false,"pivot":{"x":-1.8116971254348755,"y":5.2297515869140629,"z":-9.694581031799317},"rotation":{"x":-0.25558340549468996,"y":-0.3603537082672119,"z":0.10335740447044373,"w":-0.8911450505256653},"size":22.0,"orthographic":false}