{"cameraMode":{"drawMode":0,"name":"Shaded","section":"Shading Mode"},"sceneLighting":true,"audioPlay":false,"sceneViewState":{"showFog":true,"showMaterialUpdate":false,"showSkybox":true,"showFlares":true,"showImageEffects":true,"showParticleSystems":true},"in2DMode":false,"pivot":{"x":0.30031657218933108,"y":3.722212314605713,"z":-77.63280487060547},"rotation":{"x":-0.13425640761852265,"y":-0.09645936638116837,"z":0.013132425025105477,"w":-0.9861533045768738},"size":7.478970050811768,"orthographic":false}